{"cameraMode":{"drawMode":0,"name":"Shaded","section":"Shading Mode"},"sceneLighting":true,"audioPlay":false,"sceneViewState":{"m_AlwaysRefresh":false,"showFog":true,"showSkybox":true,"showFlares":true,"showImageEffects":true,"showParticleSystems":true,"showVisualEffectGraphs":true,"m_FxEnabled":true},"in2DMode":false,"pivot":{"x":146.73257446289063,"y":-0.7465763092041016,"z":171.96937561035157},"rotation":{"x":0.02462339960038662,"y":-0.8473321795463562,"z":0.03942873328924179,"w":0.5291354656219482},"size":7.624351501464844,"orthographic":false}